#N,Name,color,parent,start,stop,icon,description
N,3Dlabs,#000000,,1990,1994,,
N,Matrox,#000001,,1990,1994,,
N,NVIDIA,#000002,,1990,,,
N,Yamaha,#000003,,1990,1994,,
N,PowerVR,#000004,,1990,1994,,
N,3dfx,#000005,,1990,2001,,
N,Rendition,#000006,,1990,1994,,
N,ATi,#000007,,1990,2007,,
N,S3,#000008,,1990,1994,,
N,Intel,#000009,,1990,,,
N,Chromatic,#000000,,1990,1994,,
N,Cirrus Logic,#000000,,1990,1994,,
N,SiS,#000000,,1990,1994,,
N,Trident,#000000,,1990,1994,,
N,XGI,#000000,,2004,2004,,
N,AMD,#000000,ATi,2007,,,
,,,,,,,
N,Matrox Millennium (Storm),#000010,Matrox,1994,1994,,
N,Matrox Impression Plus (Athena),#000011,Matrox,1994,1994,,
N,NVIDIA NV1 (NV1),#000012,NVIDIA,1995,1995,,
N,NVIDIA NV1-D64 (STG2000),#000013,NVIDIA,1995,1995,,
N,3Dlabs 3D Blaster VLB (Gaming Glint),#000014,3Dlabs,1995,1995,,
N,Yamaha Tasmania 3D (YGV612-F),#000015,Yamaha,1995,1995,,
N,Yamaha Yamaha Virtuality (YGV611),#000016,Yamaha,1995,1995,,
N,Number Nine Imagine 128 Series 2 (Imagine 128-II),#000017,,1995,1995,,
N,Matrox Millennium (1995) (MGA-2064W),#000018,Matrox,1995,1995,,
N,"3dfx Voodoo Graphics (Pixelfx, Texelfx)",#000019,3dfx,1996,1996,,
N,3Dlabs Permedia 80 (TVP4010),#000020,3Dlabs,1996,1996,,
N,PowerVR PowerVR Series 1(A) (PCX1),#000021,PowerVR,1996,1996,,
N,"3Dlabs Permedia NT (TVP4010, Delta)",#000022,3Dlabs,1996,1996,,
N,Rendition Verite 1000L (V1000L-P),#000023,Rendition,1996,1996,,
N,3Dlabs Permedia (Permedia3D),#000024,3Dlabs,1996,1996,,
N,"PowerVR PowerVR Series 1 (Compaq) (Sabre, Texas)",#000025,PowerVR,1996,1996,,
N,Rendition Verite 1000 (V1000E),#000026,Rendition,1996,1996,,
N,Matrox Mystique 170 (MGA-1064SG-D),#000027,Matrox,1996,1996,,
N,Matrox Mystique (first spec) (MGA-1064SG-D),#000028,Matrox,1996,1996,,
N,ATi 3D XPRESSION+ PC2TV (Rage II),#000029,ATi,1996,1996,,
N,ATi 3D Xpression+ 2MB (Rage II),#000030,ATi,1996,1996,,
N,ATi 3D Xpression (3D Rage),#000031,ATi,1996,1996,,
N,S3 ViRGE /VX (86C988),#000032,S3,1996,1996,,
N,S3 ViRGE (86C325),#000033,S3,1996,1996,,
N,Chromatic Mpact! 3600 (R/3600),#000034,Chromatic,1996,1996,,
N,Chromatic Mpact! M1 (/3000),#000035,Chromatic,1996,1996,,
N,Number Nine Imagine 128 Series 2e (Imagine 128-II),#000036,,1996,1996,,
N,NVIDIA Riva 128 (STG3000),#000037,NVIDIA,1997,1997,,
N,Rendition Verite 2200 A-grade (V2200),#000038,Rendition,1997,1997,,
N,ATi Xpert 8MB AGP (Rage Pro),#000039,ATi,1997,1997,,
N,"3dfx Voodoo Graphics 6 MB (Pixelfx, Texelfx)",#000040,3dfx,1997,1997,,
N,Rendition Verite 2200 (V2200),#000041,Rendition,1997,1997,,
N,ATi Xpert 4MB (Rage Pro),#000042,ATi,1997,1997,,
N,3Dlabs Permedia 2 (TVP4020),#000043,3Dlabs,1997,1997,,
N,"3dfx Voodoo Rush (FBIjr, TREX)",#000044,3Dlabs,1997,1997,,
N,Rendition Verite 2100 (V2100),#000045,Rendition,1997,1997,,
N,Chromatic Mpact2 8 MB (Mpact2/6000),#000046,Chromatic,1997,1997,,
N,PowerVR Apocalypse 5D (PCX2 + ET6100),#000047,PowerVR,1997,1997,,
N,Chromatic Mpact2 4 MB (Mpact2/6000),#000048,Chromatic,1997,1997,,
N,PowerVR PowerVR Series 1(B) (PCX2),#000049,PowerVR,1997,1997,,
N,Number Nine Revolution 3D / Imagine-3 (L2B0475),#000050,,1997,1997,,
N,Cirrus Logic Laguna3D AGP 4MB (CL-GD5465),#000051,Cirrus Logic,1997,1997,,
N,SiS 6326 8MB (6326),#000052,SiS,1997,1997,,
N,Matrox Mystique 220 (MGA-1064SG-H/1164),#000053,Matrox,1997,1997,,
N,Cirrus Logic Laguna3D AGP 2MB (CL-GD5465),#000054,Cirrus Logic,1997,1997,,
N,Matrox Millennium II 8MB AGP (MGA-2164W),#000055,Matrox,1997,1997,,
N,Trident 3DImage Pro (3DImage 9850),#000056,Trident,1997,1997,,
N,Matrox Mystique 220 (low spec) (MGA-1064SG-G),#000057,Matrox,1997,1997,,
N,ATi Rage IIc (Rage IIc),#000058,ATi,1997,1997,,
N,Matrox Millennium II PCI 4MB (MGA-2164W),#000059,Matrox,1997,1997,,
N,SiS 6326 4MB (6326),#000060,SiS,1997,1997,,
N,ATi 3D Pro Turbo PC2TV (3D Rage II+DVD),#000061,ATi,1997,1997,,
N,S3 ViRGE /GX2 (86C357),#000062,S3,1997,1997,,
N,Trident Blaze 3D SGRAM (3DImage 9750),#000063,Trident,1997,1997,,
N,Alliance ProMotion-AT3D (AT3D),#000064,,1997,1997,,
N,ATi 3D Pro Turbo DVD (3D Rage II+DVD),#000065,ATi,1997,1997,,
N,ATi 3D Charger (3D Rage II+DVD),#000066,ATi,1997,1997,,
N,Cirrus Logic Laguna3D (CL-GD5464),#000067,Cirrus Logic,1997,1997,,
N,SiS 6326DVD EDO (6326DVD),#000068,SiS,1997,1997,,
N,ATi Mach64 VT4 (VT4),#000069,ATi,1997,1997,,
N,S3 ViRGE /MX (86C260),#000070,S3,1997,1997,,
N,S3 ViRGE /GX (86C385),#000071,S3,1997,1997,,
N,Trident Blaze 3D EDO (3DImage 9750),#000072,Trident,1997,1997,,
N,S3 ViRGE /DX 4MB (86C375),#000073,S3,1997,1997,,
N,S3 ViRGE /DX 2MB (86C375),#000074,S3,1997,1997,,
N,ATi Rage Fury 32MB/ Magnum (Rage 128 GL),#000075,ATi,1998,1998,,
N,ATi Rage Fury 16MB/ Xpert 128 (Rage 128 GL),#000076,ATi,1998,1998,,
N,NVIDIA Riva TNT (NV4),#000077,NVIDIA,1998,1998,,
N,"3dfx Voodoo2 12 MB (Pixelfx2, Texelfx2)",#000078,3dfx,1998,1998,,
N,ATi Rage Fury OEM/ Rage 128 AIW (Rage 128 GL),#000079,ATi,1998,1998,,
N,"3dfx Voodoo2 8 MB (Pixelfx2, Texelfx2)",#000080,3dfx,1998,1998,,
N,ATi Rage Fury LE (Rage 128 GL),#000081,ATi,1998,1998,,
N,3dfx Voodoo Banshee (Pixelfx2+Texelfx2),#000082,3dfx,1998,1998,,
N,3dfx Voodoo Banshee PCI (Pixelfx2+Texelfx2),#000083,3dfx,1998,1998,,
N,ATi Xpert 2000 (Rage 128VR),#000084,ATi,1998,1998,,
N,S3 Savage 3D Supercharged (86C390),#000085,S3,1998,1998,,
N,ATi Xpert 99 (Rage 128VR),#000086,ATi,1998,1998,,
N,Matrox Millenium G250 (G200A),#000087,Matrox,1998,1998,,
N,Matrox Millenium G200 (G200),#000088,Matrox,1998,1998,,
N,S3 Savage 3D (86C794),#000089,S3,1998,1998,,
N,Matrox Mystique G200 (G200),#000090,Matrox,1998,1998,,
N,Number Nine Revolution IV (T2R4),#000091,,1998,1998,,
N,Real3D/Intel Intel740 AGP (i740),#000092,Intel,1998,1998,,
N,NVIDIA Riva 128ZX (STG3005),#000093,NVIDIA,1998,1998,,
N,Real3D/Intel Intel740 PCI (i740+R3D-040),#000094,Intel,1998,1998,,
N,ATi Xpert LCD 8 MB (Rage LT Pro),#000095,ATi,1998,1998,,
N,3Dlabs Permedia 2V (Permedia 2V),#000096,3Dlabs,1998,1998,,
N,Matrox Productiva 8 MB (G100A-D),#000097,Matrox,1998,1998,,
N,Matrox Productiva 4MB (G100A-D),#000098,Matrox,1998,1998,,
N,NVIDIA Riva 128ZX 64bit (NV3T),#000099,NVIDIA,1998,1998,,
N,SiS 6326AGP (6326AGP),#000100,SiS,1998,1998,,
N,S3 Trio 3D/2X SDRAM (86C368),#000101,S3,1998,1998,,
N,S3 Trio 3D/2X SGRAM (86C368),#000102,S3,1998,1998,,
N,S3 Trio 3D (86C365),#000103,S3,1998,1998,,
N,NVIDIA GeForce256 SDR (NV10),#000104,NVIDIA,1999,1999,,
N,ATi Rage Fury MAXX (Rage 128 Pro x2),#000105,ATi,1999,1999,,
N,S3 Savage 2000 (86C410),#000106,S3,1999,1999,,
N,Matrox Millennium G400 MAX (MGA-G400),#000107,Matrox,1999,1999,,
N,3dfx Voodoo3 3500 (SSTH3),#000108,3dfx,1999,1999,,
N,NVIDIA TNT2 Ultra 32 MB (NV5),#000109,NVIDIA,1999,1999,,
N,NVIDIA TNT2 Ultra 16 MB (NV5),#000110,NVIDIA,1999,1999,,
N,3dfx Voodoo3 3000 (SSTH3),#000111,3dfx,1999,1999,,
N,NVIDIA TNT2 Pro (NV5Pro),#000112,NVIDIA,1999,1999,,
N,Matrox Millennium G400 32MB (MGA-G400),#000113,Matrox,1999,1999,,
N,ATi Rage Fury Pro (Rage 128 Pro GL),#000114,ATi,1999,1999,,
N,NVIDIA TNT2 (NV5),#000115,NVIDIA,1999,1999,,
N,ATi Rage 128 Ultra (Rage 128 Pro GL),#000116,ATi,1999,1999,,
N,3dfx Voodoo3 2000 (SSTH3),#000117,3dfx,1999,1999,,
N,ATi Rage Fury Pro VIVO (Rage 128 Pro GL),#000118,ATi,1999,1999,,
N,Matrox Millennium G400 16MB (MGA-G400),#000119,Matrox,1999,1999,,
N,PowerVR Neon 250 (PMX-1),#000120,PowerVR,1999,1999,,
N,3dfx Voodoo3 1000 (SSTH3),#000121,3dfx,1999,1999,,
N,S3 Savage4 PRO Xtreme (86C398),#000122,S3,1999,1999,,
N,3dfx Velocity 100 (SSTH3),#000123,3dfx,1999,1999,,
N,NVIDIA TNT2 m64 Pro (NV5A),#000124,NVIDIA,1999,1999,,
N,3Dlabs Permedia 3 Create! (P3),#000125,3Dlabs,1999,1999,,
N,NVIDIA TNT2 M64 (NV6),#000126,NVIDIA,1999,1999,,
N,ATi Rage 128 Ultra (64bit) (Rage 128 Pro GL),#000127,ATi,1999,1999,,
N,S3 Savage4 PRO 143 (86C397P),#000128,S3,1999,1999,,
N,NVIDIA Vanta16 (NV5A),#000129,NVIDIA,1999,1999,,
N,SiS SiS 300 (300),#000130,SiS,1999,1999,,
N,S3 Savage4 PRO (86C397),#000131,S3,1999,1999,,
N,ATi Xpert 2000 Pro / AIW 128 Pro (Rage 128 Pro VR),#000132,ATi,1999,1999,,
N,S3 Savage4 GT (86C395),#000133,S3,1999,1999,,
N,NVIDIA Vanta (NV6),#000134,NVIDIA,1999,1999,,
N,S3 Savage4 LT (86C394),#000135,S3,1999,1999,,
N,Real3D+intel Intel 752 (i752),#000136,Intel,1999,1999,,
N,SiS SiS 305 (305),#000137,SiS,1999,1999,,
N,Trident Blade 3D Turbo (9880),#000138,Trident,1999,1999,,
N,S3 Savage4 LT 32bit (86C394),#000139,S3,1999,1999,,
N,Trident Blade 3D (9880),#000140,Trident,1999,1999,,
N,S3 Savage IX (86C298),#000141,S3,1999,1999,,
N,ATi Xpert 98 (Rage XL),#000142,ATi,1999,1999,,
N,ATi Xpert XL (Rage XL),#000143,ATi,1999,1999,,
N,NVIDIA GeForce2 Ultra (NV15),#000144,NVIDIA,2000,2000,,
N,NVIDIA GeForce2 Pro (NV15),#000145,NVIDIA,2000,2000,,
N,NVIDIA GeForce2 GTS 64MB (NV15),#000146,NVIDIA,2000,2000,,
N,NVIDIA GeForce2 GTS 32MB (NV15),#000147,NVIDIA,2000,2000,,
N,ATi Radeon DDR 64MB (R100),#000148,ATi,2000,2000,,
N,ATi Radeon DDR 64MB OEM (R100),#000149,ATi,2000,2000,,
N,ATi Radeon DDR 32MB (AIW) (R100),#000150,ATi,2000,2000,,
N,3dfx Voodoo5 5500 (VSA-100 x2),#000151,3dfx,2000,2000,,
N,NVIDIA GeForce256 DDR (NV10),#000152,NVIDIA,2000,2000,,
N,ATi Radeon LE (R100),#000153,ATi,2000,2000,,
N,3dfx Voodoo5 5500 PCI (VSA-100 x2),#000154,3dfx,2000,2000,,
N,ATi Radeon SDR (R100),#000155,ATi,2000,2000,,
N,PowerVR Kyro (STG4000),#000156,PowerVR,2000,2000,,
N,NVIDIA GeForce2 MX (NV11),#000157,NVIDIA,2000,2000,,
N,ATi Radeon 7200 (R100),#000158,ATi,2000,2000,,
N,PowerVR Kyro PCI (STG4000),#000159,PowerVR,2000,2000,,
N,NVIDIA GeForce2 MX DDR (64bit) (NV11),#000160,NVIDIA,2000,2000,,
N,ATi Radeon VE / 7000 (RV100),#000161,ATi,2000,2000,,
N,3dfx Voodoo4 4500 (VSA-100),#000162,3dfx,2000,2000,,
N,SiS SiS 315 (315),#000163,SiS,2000,2000,,
N,3dfx Voodoo4 4500 PCI (VSA-100),#000164,3dfx,2000,2000,,
N,SiS SiS 315E (315),#000165,SiS,2000,2000,,
N,ATi Radeon 7000 PCI (RV100),#000166,ATi,2000,2000,,
N,Matrox Millennium G450 (MGA-G450),#000167,Matrox,2000,2000,,
N,Matrox Millennium G450 LE (MGA-G450),#000168,Matrox,2000,2000,,
N,NVIDIA Vanta LT (NV6),#000169,NVIDIA,2000,2000,,
N,ATi Radeon 8500 (R200),#000170,ATi,2001,2001,,
N,NVIDIA GeForce3 Ti 500 (NV20),#000171,NVIDIA,2001,2001,,
N,ATi Radeon 8500 LE / 9100 (R200),#000172,ATi,2001,2001,,
N,NVIDIA GeForce3 (NV20),#000173,NVIDIA,2001,2001,,
N,ATi AIW Radeon 8500 DV (R200),#000174,ATi,2001,2001,,
N,NVIDIA GeForce3Ti 200 (NV20),#000175,NVIDIA,2001,2001,,
N,ATi Radeon 7500 (RV200),#000176,ATi,2001,2001,,
N,NVIDIA GeForce2 Ti (NV16),#000177,NVIDIA,2001,2001,,
N,ATi Radeon 7500 LE (RV200),#000178,ATi,2001,2001,,
N,ATi Radeon 7500 AIW (RV200),#000179,ATi,2001,2001,,
N,PowerVR Kyro 2 (STG4500),#000180,PowerVR,2001,2001,,
N,NVIDIA GeForce2 MX 400 (NV11),#000181,NVIDIA,2001,2001,,
N,NVIDIA GeForce2 MX 200 (NV11),#000182,NVIDIA,2001,2001,,
N,Matrox Millennium G550 (MGA-G550),#000183,Matrox,2001,2001,,
N,Trident Blade XP (9980),#000184,Trident,2001,2001,,
N,Trident Blade T64 (9970),#000185,Trident,2001,2001,,
N,Trident Blade T16 (9970),#000186,Trident,2001,2001,,
N,ATi Radeon 9700 Pro (R300),#000187,ATi,2002,2002,,
N,ATi Radeon 9700 (R300),#000188,ATi,2002,2002,,
N,ATi Radeon 9500 Pro (R300),#000189,ATi,2002,2002,,
N,ATi Radeon 9600 Pro AIW (RV350),#000190,ATi,2002,2002,,
N,ATi Radeon 9600 Pro (RV350),#000191,ATi,2002,2002,,
N,NVIDIA GeForce4 Ti 4600 (NV25),#000192,NVIDIA,2002,2002,,
N,NVIDIA GeForce4 Ti 4400 (NV25),#000193,NVIDIA,2002,2002,,
N,ATi Radeon 9500 (R300),#000194,ATi,2002,2002,,
N,ATi Radeon 9600 (RV350),#000195,ATi,2002,2002,,
N,NVIDIA GeForce4 Ti 4200 64MB (NV25),#000196,NVIDIA,2002,2002,,
N,Matrox Parhelia AGP 8x (G1000),#000197,Matrox,2002,2002,,
N,NVIDIA GeForce4 Ti 4200-8* (NV28),#000198,NVIDIA,2002,2002,,
N,NVIDIA GeForce4 Ti 4200 128MB (NV25),#000199,NVIDIA,2002,2002,,
N,Matrox Parhelia (G1000),#000200,Matrox,2002,2002,,
N,ATi Radeon 9000 Pro (RV250),#000201,ATi,2002,2002,,
N,NVIDIA GeForce4 MX 460 (NV17),#000202,NVIDIA,2002,2002,,
N,NVIDIA GeForce4 MX 440 AGP 8x (NV18),#000203,NVIDIA,2002,2002,,
N,SiS Xabre 600 (338),#000204,SiS,2002,2002,,
N,ATi Radeon 9000 (RV250),#000205,ATi,2002,2002,,
N,NVIDIA GeForce4 MX 440 (NV17),#000206,NVIDIA,2002,2002,,
N,SiS Xabre 400 (334),#000207,SiS,2002,2002,,
N,NVIDIA GeForce4 MX 440 SE (NV17),#000208,NVIDIA,2002,2002,,
N,SiS Xabre 200 (332),#000209,SiS,2002,2002,,
N,NVIDIA GeForce4 MX 420 (NV17),#000210,NVIDIA,2002,2002,,
N,NVIDIA GeForce MX4000 (64 bit) (NV18),#000211,NVIDIA,2002,2002,,
N,NVIDIA GeForce4 MX 440 SE (64 bit) (NV17),#000212,NVIDIA,2002,2002,,
N,SiS Xabre 80 (328),#000213,SiS,2002,2002,,
N,NVIDIA GeForce MX4000 (32 bit) (NV18),#000214,NVIDIA,2002,2002,,
N,ATi Radeon 9800 XT (R360),#000215,ATi,2003,2003,,
N,ATi Radeon 9800 Pro 256MB (R350),#000216,ATi,2003,2003,,
N,NVIDIA GeForce FX 5950 Ultra/ PCX 595 (NV38),#000217,NVIDIA,2003,2003,,
N,ATi Radeon 9800 Pro (R350),#000218,ATi,2003,2003,,
N,NVIDIA GeForce FX 5900 Ultra (NV35),#000219,NVIDIA,2003,2003,,
N,ATi Radeon 9800 (R350),#000220,ATi,2003,2003,,
N,NVIDIA GeForce FX 5800 Ultra (NV30),#000221,NVIDIA,2003,2003,,
N,NVIDIA GeForce FX 5900 (NV35),#000222,NVIDIA,2003,2003,,
N,NVIDIA GeForce FX 5800 (NV30),#000223,NVIDIA,2003,2003,,
N,NVIDIA GeForce FX 5700 Ultra (NV 36),#000224,NVIDIA,2003,2003,,
N,ATi Radeon 9600 XT (RV360),#000225,ATi,2003,2003,,
N,NVIDIA GeForce FX 5600 Ultra (rev.2) (NV31),#000226,NVIDIA,2003,2003,,
N,NVIDIA GeForce FX 5700/ PCX 5750 (NV36),#000227,NVIDIA,2003,2003,,
N,NVIDIA GeForce4 Ti 4800 (NV28),#000228,NVIDIA,2003,2003,,
N,NVIDIA GeForce FX 5600 Ultra (rev.1) (NV31),#000229,NVIDIA,2003,2003,,
N,NVIDIA GeForce4 Ti 4800 SE (NV28),#000230,NVIDIA,2003,2003,,
N,S3 Deltachrome S8 (86C777),#000231,S3,2003,2003,,
N,NVIDIA GeForce FX 5600 (NV31),#000232,NVIDIA,2003,2003,,
N,NVIDIA GeForce FX 5200 Ultra (NV34),#000233,NVIDIA,2003,2003,,
N,ATi Radeon 9200 Pro (RV280),#000234,ATi,2003,2003,,
N,ATi Radeon 9600 SE (RV350),#000235,ATi,2003,2003,,
N,ATi Radeon 9200 (RV280),#000236,ATi,2003,2003,,
N,NVIDIA GeForce FX 5200/PCX 5300 (NV34),#000237,NVIDIA,2003,2003,,
N,ATi Radeon 9200 SE (128 bit) (RV280),#000238,ATi,2003,2003,,
N,NVIDIA GeForce FX 5600XT (64bit) (NV31),#000239,NVIDIA,2003,2003,,
N,Matrox Millennium P750 (Parhelia-LX),#000240,Matrox,2003,2003,,
N,NVIDIA GeForce FX 5500 (64bit) (NV34B),#000241,NVIDIA,2003,2003,,
N,Matrox Millennium P650 (Parhelia-LX),#000242,Matrox,2003,2003,,
N,NVIDIA GeForce FX 5200 (64bit) (NV34),#000243,NVIDIA,2003,2003,,
N,ATi Radeon 9200 SE (64 bit) (RV280),#000244,ATi,2003,2003,,
N,NVIDIA GeForce FX 5200 XT (NV34),#000245,NVIDIA,2003,2003,,
N,ATi Radeon X850 XT PE (R480),#000246,ATi,2004,2004,,
N,NVIDIA GeForce 6800 Ultra (PCIE) (NV45),#000247,NVIDIA,2004,2004,,
N,ATi Radeon X800 XT PE (R420),#000248,ATi,2004,2004,,
N,NVIDIA GeForce 6800 Ultra (NV40),#000249,NVIDIA,2004,2004,,
N,ATi Radeon X850 XT (R480),#000250,ATi,2004,2004,,
N,ATi Radeon X800 XT (R42x),#000251,ATi,2004,2004,,
N,ATi Radeon X800 XL (R430),#000252,ATi,2004,2004,,
N,NVIDIA GeForce 6800 GT (NV40),#000253,NVIDIA,2004,2004,,
N,ATi Radeon X800 Pro (R42x),#000254,ATi,2004,2004,,
N,NVIDIA GeForce 6800 (NV40),#000255,NVIDIA,2004,2004,,
N,ATi Radeon X800 (R430),#000256,ATi,2004,2004,,
N,ATi Radeon X800 SE (R420),#000257,ATi,2004,2004,,
N,NVIDIA GeForce 6600 GT (NV43),#000258,NVIDIA,2004,2004,,
N,NVIDIA GeForce 6600 GT AGP (NV43),#000259,NVIDIA,2004,2004,,
N,ATi Radeon X700 XT (RV410),#000260,ATi,2004,2004,,
N,NVIDIA GeForce 6800 LE (NV40),#000261,NVIDIA,2004,2004,,
N,NVIDIA GeForce 6800 LE (PCIE) (NV41),#000262,NVIDIA,2004,2004,,
N,ATi Radeon X700 Pro (RV410),#000263,ATi,2004,2004,,
N,ATi Radeon X700 (RV410),#000264,ATi,2004,2004,,
N,NVIDIA GeForce FX 5900 SE / SP (NV35),#000265,NVIDIA,2004,2004,,
N,NVIDIA GeForce 6600 (NV43),#000266,NVIDIA,2004,2004,,
N,NVIDIA GeForce FX 5900 XT (NV35),#000267,NVIDIA,2004,2004,,
N,NVIDIA GeForce PCX 5900 (NV35),#000268,NVIDIA,2004,2004,,
N,ATi Radeon 9800 PE (R350),#000269,ATi,2004,2004,,
N,ATi Radeon X600 XT 128MB (RV380),#000270,ATi,2004,2004,,
N,ATi Radeon 9800 (128bit) (R350),#000271,ATi,2004,2004,,
N,XGI Volari Duo V8 Ultra (XG40 x2),#000272,XGI,2004,2004,,
N,NVIDIA GeForce FX 5700 Ultra GDDR3 (NV36),#000273,NVIDIA,2004,2004,,
N,ATi Radeon 9600 XT AIW (RV360),#000274,ATi,2004,2004,,
N,ATi Radeon 9800 SE (AIW) (256 bit) (R350),#000275,ATi,2004,2004,,
N,ATi Radeon X600 XT 256MB (RV380),#000276,ATi,2004,2004,,
N,NVIDIA GeForce 6200 (NV43),#000277,NVIDIA,2004,2004,,
N,ATi Radeon X600 Pro (RV380),#000278,ATi,2004,2004,,
N,XGI Volari V8 Ultra (XG40m),#000279,XGI,2004,2004,,
N,ATi Radeon 9800 SE (128 bit) (R350),#000280,ATi,2004,2004,,
N,ATi Radeon 9550 XT (RV360),#000281,ATi,2004,2004,,
N,XGI Volari V8 (XG40m),#000282,XGI,2004,2004,,
N,ATi Radeon X300 Pro (RV370),#000283,ATi,2004,2004,,
N,NVIDIA Personal Cinema FX 5700 (NV36),#000284,NVIDIA,2004,2004,,
N,S3 Deltachrome S8 Nitro (86E727),#000285,S3,2004,2004,,
N,ATi Radeon X300 (RV370),#000286,ATi,2004,2004,,
N,ATi Radeon 9550 (RV360),#000287,ATi,2004,2004,,
N,S3 Deltachrome S4 Nitro (86E747),#000288,S3,2004,2004,,
N,S3 Omnichrome (TV) (-),#000289,S3,2004,2004,,
N,NVIDIA GeForce 6200 (64bit) (NV43),#000290,NVIDIA,2004,2004,,
N,S3 Deltachrome S8 CE (86C777),#000291,S3,2004,2004,,
N,XGI Volari V5 (XG41),#000292,XGI,2004,2004,,
N,NVIDIA GeForce FX 5600XT (NV31),#000293,NVIDIA,2004,2004,,
N,ATi Radeon X300 SE (RV370),#000294,ATi,2004,2004,,
N,S3 Deltachrome S4 Pro (86E747),#000295,S3,2004,2004,,
N,NVIDIA GeForce FX 5500 (NV34B),#000296,NVIDIA,2004,2004,,
N,ATi Radeon 9250 (RV280),#000297,ATi,2004,2004,,
N,ATi Radeon 9550 SE (RV360),#000298,ATi,2004,2004,,
N,NVIDIA GeForce MX4000/ PCX 4300 (NV18),#000299,NVIDIA,2004,2004,,
N,ATi Radeon 9250 SE (RV280),#000300,ATi,2004,2004,,
N,XGI Volari V3XT (XG42),#000301,XGI,2004,2004,,
N,XGI Volari V3 (XP5),#000302,XGI,2004,2004,,
N,NVIDIA GeForce 7800 GTX 512 (G70),#000303,NVIDIA,2005,2005,,
N,ATi Radeon X1800 XT (R520),#000304,ATi,2005,2005,,
N,NVIDIA GeForce 7800 GTX (G70),#000305,NVIDIA,2005,2005,,
N,ATi Radeon X1800 XL 512 MB (R520),#000306,ATi,2005,2005,,
N,NVIDIA GeForce 7800 GT (G70),#000307,NVIDIA,2005,2005,,
N,ATi Radeon X1800 XL 256 MB (R520),#000308,ATi,2005,2005,,
N,NVIDIA GeForce 6800 GS (NV41),#000309,NVIDIA,2005,2005,,
N,ATi Radeon X850 Pro (R480),#000310,ATi,2005,2005,,
N,ATi Radeon X800 GTO 256 MB (R4xx),#000311,ATi,2005,2005,,
N,ATi Radeon X1600 XT (RV530),#000312,ATi,2005,2005,,
N,ATi Radeon X800 GTO 128 MB (R430),#000313,ATi,2005,2005,,
N,ATi Radeon X800 GT 256 MB (R4xx),#000314,ATi,2005,2005,,
N,ATi Radeon X800 GT 128 MB (R4xx),#000315,ATi,2005,2005,,
N,NVIDIA GeForce 6800 XT (NV41),#000316,NVIDIA,2005,2005,,
N,ATi Radeon X740 XL (RV410),#000317,ATi,2005,2005,,
N,NVIDIA GeForce 6600 DDR2 (NV43),#000318,NVIDIA,2005,2005,,
N,S3 GammaChrome S27 (86C830),#000319,S3,2005,2005,,
N,ATi Radeon X1300 Pro (RV515),#000320,ATi,2005,2005,,
N,ATi Radeon X700 LE (RV410),#000321,ATi,2005,2005,,
N,S3 GammaChrome S27C (86C830),#000322,S3,2005,2005,,
N,ATi Radeon AIW 2006 (RV515),#000323,ATi,2005,2005,,
N,S3 GammaChrome S18 Nitro (86C800),#000324,S3,2005,2005,,
N,ATi Radeon X1300 (RV515),#000325,ATi,2005,2005,,
N,NVIDIA GeForce 6600 LE (NV43),#000326,NVIDIA,2005,2005,,
N,S3 GammaChromeS18 Pro (S18),#000327,S3,2005,2005,,
N,S3 GammaChrome S25 (86C832),#000328,S3,2005,2005,,
N,NVIDIA GeForce 6500 (NV44),#000329,NVIDIA,2005,2005,,
N,ATi Radeon X550 (RV370),#000330,ATi,2005,2005,,
N,ATi Radeon X1300 LE (RV515),#000331,ATi,2005,2005,,
N,ATi Radeon X1300 HM 32 MB (RV515),#000332,ATi,2005,2005,,
N,NVIDIA GeForce 6200A (NV44A),#000333,NVIDIA,2005,2005,,
N,NVIDIA GeForce 6200 64-TC (NV44),#000334,NVIDIA,2005,2005,,
N,NVIDIA GeForce 6200 32-TC (NV44),#000335,NVIDIA,2005,2005,,
N,NVIDIA GeForce FX 5700 LE (NV36),#000336,NVIDIA,2005,2005,,
N,Matrox Parhelia APVe (MP-A4L),#000337,Matrox,2005,2005,,
N,ATi Radeon X300 SE HM (256 MB) (RV370),#000338,ATi,2005,2005,,
N,NVIDIA GeForce 6200 16-TC (NV44),#000339,NVIDIA,2005,2005,,
N,ATi X300 SE Hypermemory (128 MB) (RV370),#000340,ATi,2005,2005,,
N,XGI Volari 8300 (XG47),#000341,XGI,2005,2005,,
N,NVIDIA GeForce 8800 GTX (G80),#000342,NVIDIA,2006,2006,,
N,NVIDIA GeForce 8800 GTS (G80),#000343,NVIDIA,2006,2006,,
N,NVIDIA GeForce 7950 GX2 (G71 x2),#000344,NVIDIA,2006,2006,,
N,NVIDIA GeForce 8800 GTS 320 MB (G80),#000345,NVIDIA,2006,2006,,
N,ATi Radeon X1950 XTX (R580+),#000346,ATi,2006,2006,,
N,ATi Radeon X1900 XTX (R580),#000347,ATi,2006,2006,,
N,NVIDIA GeForce 7900 GTX (G71),#000348,NVIDIA,2006,2006,,
N,ATi Radeon X1950 XT (R580+),#000349,ATi,2006,2006,,
N,ATi Radeon X1900 XT (R580),#000350,ATi,2006,2006,,
N,ATi Radeon X1950 XT 256 MB (R580+),#000351,ATi,2006,2006,,
N,ATi Radeon X1900 XT 256 MB (R580),#000352,ATi,2006,2006,,
N,NVIDIA GeForce 7950 GT (G71),#000353,NVIDIA,2006,2006,,
N,ATi Radeon X1950 Pro (RV570),#000354,ATi,2006,2006,,
N,NVIDIA GeForce 7900 GT (G71),#000355,NVIDIA,2006,2006,,
N,ATi Radeon X1900 GT (R580),#000356,ATi,2006,2006,,
N,ATi Radeon X1900 AIW (R580),#000357,ATi,2006,2006,,
N,NVIDIA GeForce 7900 GS (G71),#000358,NVIDIA,2006,2006,,
N,NVIDIA GeForce 7800 GS (G70),#000359,NVIDIA,2006,2006,,
N,ATi Radeon X1800 GTO (R520),#000360,ATi,2006,2006,,
N,NVIDIA GeForce 7600 GT (G73),#000361,NVIDIA,2006,2006,,
N,ATi Radeon X1650 XT (RV570),#000362,ATi,2006,2006,,
N,ATi Radeon X1650 Pro (RV535),#000363,ATi,2006,2006,,
N,NVIDIA GeForce 7600 GS (G73),#000364,NVIDIA,2006,2006,,
N,ATi Radeon X1650 Pro DDR2 (RV535),#000365,ATi,2006,2006,,
N,ATi Radeon X1300 XT / X1650 (RV535),#000366,ATi,2006,2006,,
N,ATi Radeon X1600 Pro (RV530),#000367,ATi,2006,2006,,
N,NVIDIA GeForce 7300 GT (G73),#000368,NVIDIA,2006,2006,,
N,NVIDIA GeForce 7300 GS / 7500 LE (G72),#000369,NVIDIA,2006,2006,,
N,NVIDIA GeForce 7300 LE (G72),#000370,NVIDIA,2006,2006,,
N,NVIDIA GeForce 7100 GS (NV44),#000371,NVIDIA,2006,2006,,
N,NVIDIA GeForce 7300 SE (G72),#000372,NVIDIA,2006,2006,,
N,NVIDIA GeForce 8800 Ultra (G80),#000373,NVIDIA,2007,2007,,
N,NVIDIA GeForce 8800 GTS 512 (G92),#000374,NVIDIA,2007,2007,,
N,NVIDIA GeForce 8800 GT (G92),#000375,NVIDIA,2007,2007,,
N,ATi Radeon HD 2900 XT 1 GB (R600),#000376,ATi,2007,2007,,
N,AMD Radeon HD 3870 (RV670),#000377,AMD,2007,2007,,
N,ATi Radeon HD 2900 XT (R600),#000378,ATi,2007,2007,,
N,AMD Radeon HD 3870 DDR3 (RV670),#000379,AMD,2007,2007,,
N,ATi Radeon HD 2900 Pro (R600),#000380,ATi,2007,2007,,
N,ATi Radeon HD 3850 (RV670),#000381,ATi,2007,2007,,
N,ATi Radeon HD 3850 256 MB (RV670),#000382,ATi,2007,2007,,
N,ATi Radeon HD 2900 GT (R600),#000383,ATi,2007,2007,,
N,AMD Radeon HD 2600 XT X2 (RV630 x2),#000384,AMD,2007,2007,,
N,NVIDIA GeForce 8600 GTS (G84),#000385,NVIDIA,2007,2007,,
N,ATi Radeon X1900 GT rev. 2 (R580),#000386,ATi,2007,2007,,
N,ATi Radeon X1950 GT (RV570),#000387,ATi,2007,2007,,
N,ATi Radeon HD 2600 XT DDR4 (RV630),#000388,ATi,2007,2007,,
N,NVIDIA GeForce 8600 GT (G84),#000389,NVIDIA,2007,2007,,
N,AMD Radeon HD 2600 XT DDR3 (RV630),#000390,AMD,2007,2007,,
N,AMD Radeon HD 2600 Pro (RV630),#000391,AMD,2007,2007,,
N,AMD Radeon HD 2600 Pro AGP (RV630),#000392,AMD,2007,2007,,
N,NVIDIA GeForce 8500 GT (G86),#000393,NVIDIA,2007,2007,,
N,AMD Radeon HD 2400 XT (RV610),#000394,AMD,2007,2007,,
N,NVIDIA GeForce 8400 GS (G86),#000395,NVIDIA,2007,2007,,
N,ATi Radeon X1550 (RV505),#000396,ATi,2007,2007,,
N,AMD Radeon HD 2400 Pro / 2350 (RV610),#000397,AMD,2007,2007,,
N,NVIDIA GeForce 8400 GS v2 (G98),#000398,NVIDIA,2007,2007,,
N,ATi Radeon X1050 DDR2 (RV370),#000399,ATi,2007,2007,,
N,NVIDIA GeForce 8300 GS (G86),#000400,NVIDIA,2007,2007,,
N,NVIDIA GeForce 7200 GS (G72),#000401,NVIDIA,2007,2007,,
N,AMD Radeon HD 4870 X2 (RV770 x2),#000402,AMD,2008,2008,,
N,NVIDIA GeForce GTX 280 (GT200),#000403,NVIDIA,2008,2008,,
N,NVIDIA GeForce 9800 GX2 (G92 x2),#000404,NVIDIA,2008,2008,,
N,ATi Radeon HD 3870 X2 (RV670 x2),#000405,ATi,2008,2008,,
N,ATi Radeon HD 4870 1 GB (RV770),#000406,ATi,2008,2008,,
N,NVIDIA GeForce GTX 260 core 216 rev2 (GT200b),#000407,NVIDIA,2008,2008,,
N,NVIDIA GeForce GTX 260 core 216 (GT200),#000408,NVIDIA,2008,2008,,
N,NVIDIA GeForce GTX 260 (GT200),#000409,NVIDIA,2008,2008,,
N,ATi Radeon HD 4870 512 MB (RV770),#000410,ATi,2008,2008,,
N,NVIDIA GeForce 8800 GTS / 250 1GB (G92b),#000411,NVIDIA,2008,2008,,
N,ATi Radeon HD 4850 1GB (RV770),#000412,ATi,2008,2008,,
N,NVIDIA GeForce 9800 GTX+ 1GB (G92),#000413,NVIDIA,2008,2008,,
N,NVIDIA GeForce 9800 GTX+ (G92b),#000414,NVIDIA,2008,2008,,
N,ATi Radeon HD 4850 (RV770),#000415,ATi,2008,2008,,
N,NVIDIA GeForce 9800 GTX (G92),#000416,NVIDIA,2008,2008,,
N,ATi Radeon HD 4830 (RV770),#000417,ATi,2008,2008,,
N,NVIDIA GeForce 9800 GT (G92b),#000418,NVIDIA,2008,2008,,
N,NVIDIA GeForce 9600 GT (G94),#000419,NVIDIA,2008,2008,,
N,NVIDIA GeForce 8800 GT 256 MB (G92),#000420,NVIDIA,2008,2008,,
N,NVIDIA GeForce 8800 GS/ 9600GSO (G92),#000421,NVIDIA,2008,2008,,
N,AMD Radeon HD 4670 (RV730),#000422,AMD,2008,2008,,
N,AMD Radeon HD 4670 1GB (RV730),#000423,AMD,2008,2008,,
N,AMD Radeon HD 4650 DDR3 (RV730),#000424,AMD,2008,2008,,
N,AMD Radeon HD 3690 / 3830 (RV670),#000425,AMD,2008,2008,,
N,AMD Radeon HD 4670 DDR2 (RV730),#000426,AMD,2008,2008,,
N,AMD Radeon HD 4650 (RV730),#000427,AMD,2008,2008,,
N,NVIDIA GeForce 9500 GT (G96A),#000428,NVIDIA,2008,2008,,
N,AMD Radeon HD 3650 DDR3 (RV635),#000429,AMD,2008,2008,,
N,AMD Radeon HD 3650 DDR2 (RV635),#000430,AMD,2008,2008,,
N,AMD Radeon HD 4550 (RV710),#000431,AMD,2008,2008,,
N,NVIDIA GeForce 9500 GT DDR2 (G96A),#000432,NVIDIA,2008,2008,,
N,AMD Radeon HD 4350 (RV710),#000433,AMD,2008,2008,,
N,NVIDIA GeForce 9400 GT (G96B),#000434,NVIDIA,2008,2008,,
N,AMD Radeon HD 3470 (RV620),#000435,AMD,2008,2008,,
N,S3 Chrome 440 GTX (D3),#000436,S3,2008,2008,,
N,AMD Radeon HD 3450 (RV620),#000437,AMD,2008,2008,,
N,S3 Chrome 430 GT / 530 GT (D3),#000438,S3,2008,2008,,
N,AMD Radeon HD 5970 2GB (RV870 x2),#000439,AMD,2009,2009,,
N,NVIDIA GeForce GTX 295 (GT200b x2),#000440,NVIDIA,2009,2009,,
N,AMD Radeon HD 5870 (RV870),#000441,AMD,2009,2009,,
N,AMD Radeon HD 5850 (RV870),#000442,AMD,2009,2009,,
N,NVIDIA GeForce GTX 285 (GT200b),#000443,NVIDIA,2009,2009,,
N,NVIDIA GeForce GTX 275 (GT200b),#000444,NVIDIA,2009,2009,,
N,AMD Radeon HD 4890 (RV790),#000445,AMD,2009,2009,,
N,AMD Radeon HD 5770 / 6770 (RV840),#000446,AMD,2009,2009,,
N,AMD Radeon HD 4860 (RV790),#000447,AMD,2009,2009,,
N,AMD Radeon HD 5750 / 6750 (RV840),#000448,AMD,2009,2009,,
N,NVIDIA GeForce GTS 250 1GB (G92b),#000449,NVIDIA,2009,2009,,
N,NVIDIA GeForce GTS 250 (G92b),#000450,NVIDIA,2009,2009,,
N,NVIDIA GeForce GTS 250 Green (G92b),#000451,NVIDIA,2009,2009,,
N,AMD Radeon HD 4770 (RV740),#000452,AMD,2009,2009,,
N,ATi Radeon HD 4730 (RV770),#000453,ATi,2009,2009,,
N,AMD Radeon HD 4750 (RV740),#000454,AMD,2009,2009,,
N,NVIDIA GeForce GT 240 DDR5 / GT 340 (GT215),#000455,NVIDIA,2009,2009,,
N,NVIDIA GeForce 9600 GT Green Edition (G94B),#000456,NVIDIA,2009,2009,,
N,NVIDIA GeForce GT 240 GDDR3 (GT215),#000457,NVIDIA,2009,2009,,
N,NVIDIA GeForce GT 220 DDR3 (GT216),#000458,NVIDIA,2009,2009,,
N,NVIDIA GeForce GT 220 DDR2 (GT216),#000459,NVIDIA,2009,2009,,
N,S3 Chrome 540 GTX (D3),#000460,S3,2009,2009,,
N,NVIDIA GeForce 210 / 405 DDR2 (GT218),#000461,NVIDIA,2009,2009,,
N,NVIDIA GeForce 8400 GS DDR3 (GT218),#000462,NVIDIA,2009,2009,,
N,AMD Radeon HD 5970 4GB (RV870 x2),#000463,AMD,2010,2010,,
N,NVIDIA GeForce GTX 480 (GF100),#000464,NVIDIA,2010,2010,,
N,NVIDIA GeForce GTX 470 (GF100),#000465,NVIDIA,2010,2010,,
N,NVIDIA GeForce GTX 460 1GB (GF104),#000466,NVIDIA,2010,2010,,
N,NVIDIA GeForce GTX 465 (GF100),#000467,NVIDIA,2010,2010,,
N,AMD Radeon HD 5830 (RV870),#000468,AMD,2010,2010,,
N,NVIDIA GeForce GTX 460 768 MB (GF104),#000469,NVIDIA,2010,2010,,
N,NVIDIA GeForce GTX 460 SE (GF104),#000470,NVIDIA,2010,2010,,
N,NVIDIA GeForce GTS 450 (GF106),#000471,NVIDIA,2010,2010,,
N,AMD Radeon HD 6670 / 7670 (RV930),#000472,AMD,2010,2010,,
N,AMD Radeon HD 5670 (RV830),#000473,AMD,2010,2010,,
N,AMD Radeon HD 6570 / 7570 (RV930),#000474,AMD,2010,2010,,
N,NVIDIA GeForce GT 440 DDR5 (GF108),#000475,NVIDIA,2010,2010,,
N,AMD Radeon HD 5570 DDR5 (RV830),#000476,AMD,2010,2010,,
N,AMD Radeon HD 5670 DDR3 (RV830),#000477,AMD,2010,2010,,
N,AMD Radeon HD 6670 DDR3 (RV930),#000478,AMD,2010,2010,,
N,NVIDIA GeForce GT 630 D5 (GF108),#000479,NVIDIA,2010,2010,,
N,NVIDIA GeForce GT 440 DDR3 / GT 630 D (GF108),#000480,NVIDIA,2010,2010,,
N,AMD Radeon HD 5570 DDR3 (RV830),#000481,AMD,2010,2010,,
N,AMD Radeon HD 5550 DDR5 (RV830),#000482,AMD,2010,2010,,
N,NVIDIA GeForce GT 430 (GF108),#000483,NVIDIA,2010,2010,,
N,AMD Radeon HD 5550 DDR3 (RV830),#000484,AMD,2010,2010,,
N,AMD Radeon HD 6450 / 7470 (RV910),#000485,AMD,2010,2010,,
N,AMD Radeon HD 6450 / 7450 DDR3 (RV910),#000486,AMD,2010,2010,,
N,AMD Radeon HD 5450 / 7350 DDR3 (RV810),#000487,AMD,2010,2010,,
N,AMD Radeon HD 5450 1GB (RV810),#000488,AMD,2010,2010,,
N,AMD Radeon HD 5450 / 7350 DDR2 (RV810),#000489,AMD,2010,2010,,
N,NVIDIA GeForce 210 DDR3 (GT218),#000490,NVIDIA,2010,2010,,
N,NVIDIA GeForce GTX 590 (GF110 x2),#000491,NVIDIA,2011,2011,,
N,AMD Radeon HD 6990 (R970 x2),#000492,AMD,2011,2011,,
N,NVIDIA GeForce GTX 580 (GF110),#000493,NVIDIA,2011,2011,,
N,NVIDIA GeForce GTX 570 (GF110),#000494,NVIDIA,2011,2011,,
N,AMD Radeon HD 6970 (R970),#000495,AMD,2011,2011,,
N,NVIDIA GeForce GTX 560 Ti 448 cores (GF110),#000496,NVIDIA,2011,2011,,
N,AMD Radeon HD 6950 (R970),#000497,AMD,2011,2011,,
N,NVIDIA GeForce GTX 560 Ti (GF114),#000498,NVIDIA,2011,2011,,
N,AMD Radeon HD 6870 (RV940),#000499,AMD,2011,2011,,
N,NVIDIA GeForce GTX 560 (GF114),#000500,NVIDIA,2011,2011,,
N,AMD Radeon HD 6850 (RV970),#000501,AMD,2011,2011,,
N,NVIDIA GTX 460 v2 (GF114),#000502,NVIDIA,2011,2011,,
N,AMD Radeon HD 6790 (RV940),#000503,AMD,2011,2011,,
N,NVIDIA GeForce GTX 550 Ti (GF116),#000504,NVIDIA,2011,2011,,
N,NVIDIA GeForce GT 520 / GT 610 (GF119),#000505,NVIDIA,2011,2011,,
N,NVIDIA GeForce GTX 690 (GK104 x2),#000506,NVIDIA,2012,2012,,
N,AMD Radeon HD 7970 GE (R1000),#000507,AMD,2012,2012,,
N,AMD Radeon HD 7970 (R1000),#000508,AMD,2012,2012,,
N,NVIDIA GeForce GTX 680 4GB (GK104),#000509,NVIDIA,2012,2012,,
N,NVIDIA GeForce GTX 680 (GK104),#000510,NVIDIA,2012,2012,,
N,NVIDIA GeForce GTX 670 / 760 Ti (GK104),#000511,NVIDIA,2012,2012,,
N,AMD Radeon HD 7950 Boost (R1000),#000512,AMD,2012,2012,,
N,AMD Radeon HD 7950 (R1000),#000513,AMD,2012,2012,,
N,AMD Radeon HD 7870 XT (R1000),#000514,AMD,2012,2012,,
N,NVIDIA GeForce GTX 660 Ti (GK104),#000515,NVIDIA,2012,2012,,
N,AMD Radeon HD 7870 (RV1040),#000516,AMD,2012,2012,,
N,NVIDIA GeForce GTX 660 (GK106),#000517,NVIDIA,2012,2012,,
N,AMD Radeon HD 7850 (RV1040),#000518,AMD,2012,2012,,
N,NVIDIA GeForce GTX 650 Ti (GK106),#000519,NVIDIA,2012,2012,,
N,AMD Radeon HD 7770 GE / R7 250X (RV1030),#000520,AMD,2012,2012,,
N,AMD Radeon HD 7750 new spec (RV1030),#000521,AMD,2012,2012,,
N,NVIDIA GeForce GTX 650 (GK107),#000522,NVIDIA,2012,2012,,
N,AMD Radeon HD 7750 / R7 250E (RV1030),#000523,AMD,2012,2012,,
N,NVIDIA GeForce GT 640 (GK107),#000524,NVIDIA,2012,2012,,
N,AMD Radeon HD 7750 DDR3 (RV1030),#000525,AMD,2012,2012,,
N,NVIDIA GeForce GT 620 (GF108),#000526,NVIDIA,2012,2012,,
N,AMD Radeon HD 7990 (R1000 x2),#000527,AMD,2013,2013,,
N,AMD Radeon R9 290X (Hawaii),#000528,AMD,2013,2013,,
N,NVIDIA GeForce GTX 780 Ti (GK110B),#000529,NVIDIA,2013,2013,,
N,NVIDIA GeForce GTX Titan (GK110),#000530,NVIDIA,2013,2013,,
N,AMD Radeon R9 290 (Hawaii),#000531,AMD,2013,2013,,
N,NVIDIA GeForce GTX 780 (GK110),#000532,NVIDIA,2013,2013,,
N,AMD Radeon R9 280X (R1000),#000533,AMD,2013,2013,,
N,NVIDIA GeForce GTX 770 4GB (GK104),#000534,NVIDIA,2013,2013,,
N,NVIDIA GeForce GTX 770 (GK104),#000535,NVIDIA,2013,2013,,
N,AMD Radeon R9 280 (R1000),#000536,AMD,2013,2013,,
N,NVIDIA GeForce GTX 760 (GK104),#000537,NVIDIA,2013,2013,,
N,AMD Radeon R9 270X (Curacao),#000538,AMD,2013,2013,,
N,AMD Radeon R9 270 / 8860 (Curacao),#000539,AMD,2013,2013,,
N,NVIDIA GeForce GTX 650 Ti Boost (GK106),#000540,NVIDIA,2013,2013,,
N,AMD Radeon R7 260X (Bonair),#000541,AMD,2013,2013,,
N,AMD Radeon HD 7790 (Bonair),#000542,AMD,2013,2013,,
N,AMD Radeon R7 260 (Bonair),#000543,AMD,2013,2013,,
N,AMD Radeon R7 250 (Oland),#000544,AMD,2013,2013,,
N,NVIDIA GeForce GT 640 Rev 2 (GK208),#000545,NVIDIA,2013,2013,,
N,AMD Radeon HD 7730 (RV1030),#000546,AMD,2013,2013,,
N,AMD Radeon R7 250 (DDR3) (Oland),#000547,AMD,2013,2013,,
N,AMD Radeon HD 7730 DDR3 (RV1030),#000548,AMD,2013,2013,,
N,AMD Radeon R7 240 Boost (GDDR5) (Oland),#000549,AMD,2013,2013,,
N,AMD Radeon R7 240 Boost (DDR3) (Oland),#000550,AMD,2013,2013,,
N,NVIDIA GeForce GT 630 Rev 2 (GK208),#000551,NVIDIA,2013,2013,,
N,AMD Radeon R9 295X2 (Hawaii x2),#000552,AMD,2014,2014,,
N,NVIDIA GeForce GTX 980 (GM204),#000553,NVIDIA,2014,2014,,
N,NVIDIA GeForce GTX Titan Black (GK110B),#000554,NVIDIA,2014,2014,,
N,AMD Radeon R9 290X 8GB (Hawaii),#000555,AMD,2014,2014,,
N,NVIDIA GeForce GTX 970 (GM204),#000556,NVIDIA,2014,2014,,
N,AMD Radeon R9 285 (Tonga),#000557,AMD,2014,2014,,
N,AMD Radeon R7 265 (Curacao),#000558,AMD,2014,2014,,
N,NVIDIA GeForce GTX 750 Ti (GM107),#000559,NVIDIA,2014,2014,,
N,NVIDIA GeForce GTX 750 (GM107),#000560,NVIDIA,2014,2014,,
N,NVIDIA GeForce GT 740 GDDR5 (GK107),#000561,NVIDIA,2014,2014,,
N,NVIDIA GeForce GT 740 2GB (GK107),#000562,NVIDIA,2014,2014,,
N,NVIDIA GeForce GT 730 (128-bit) (GF117),#000563,NVIDIA,2014,2014,,
N,NVIDIA GeForce GT 720 GDDR5 (GK208),#000564,NVIDIA,2014,2014,,
N,NVIDIA GeForce GT 710 (GK208),#000565,NVIDIA,2014,2014,,
N,NVIDIA GeForce GT 720 DDR3 (GK208),#000566,NVIDIA,2014,2014,,
N,AMD Radeon R5 230 (RV910),#000567,AMD,2014,2014,,
N,NVIDIA GeForce GTX Titan X (GM200),#000568,NVIDIA,2015,2015,,
N,NVIDIA GeForce GTX 980 Ti (GM200),#000569,NVIDIA,2015,2015,,
N,AMD Radeon Fury X (Fiji),#000570,AMD,2015,2015,,
N,AMD Radeon Fury (Fiji),#000571,AMD,2015,2015,,
N,AMD Radeon R9 Nano (Fiji),#000572,AMD,2015,2015,,
N,AMD Radeon R9 390X (Grenada),#000573,AMD,2015,2015,,
N,AMD Radeon R9 390 (Grenada),#000574,AMD,2015,2015,,
N,AMD Radeon R9 380X (Tonga),#000575,AMD,2015,2015,,
N,AMD Radeon R9 380 4GB (Tonga),#000576,AMD,2015,2015,,
N,AMD Radeon R9 380 2GB (Tonga),#000577,AMD,2015,2015,,
N,NVIDIA GeForce GTX 960 4GB (GM206),#000578,NVIDIA,2015,2015,,
N,NVIDIA GeForce GTX 960 (GM206),#000579,NVIDIA,2015,2015,,
N,AMD Radeon R9 370X (Trinidad),#000580,AMD,2015,2015,,
N,NVIDIA GeForce GTX 950 (GM206),#000581,NVIDIA,2015,2015,,
N,AMD Radeon R7 370 (Curacao),#000582,AMD,2015,2015,,
N,AMD Radeon R7 360 (Bonair),#000583,AMD,2015,2015,,
N,NVIDIA Titan X (GP102),#000584,NVIDIA,2016,2016,,
N,NVIDIA GeForce GTX 1080 (GP104),#000585,NVIDIA,2016,2016,,
N,NVIDIA GeForce GTX 1070 (GP104),#000586,NVIDIA,2016,2016,,
N,NVIDIA GeForce GTX 1060 (GP106),#000587,NVIDIA,2016,2016,,
N,AMD Radeon RX 480 8GB (Polaris 10),#000588,AMD,2016,2016,,
N,AMD Radeon RX 480 4GB (Polaris 10),#000589,AMD,2016,2016,,
N,NVIDIA GeForce GTX 1060 3GB (GP106),#000590,NVIDIA,2016,2016,,
N,AMD Radeon RX 470 (Polaris 10),#000591,AMD,2016,2016,,
N,NVIDIA GeForce GTX 1050 Ti (GP107),#000592,NVIDIA,2016,2016,,
N,NVIDIA GeForce GTX 1050 (GP107),#000593,NVIDIA,2016,2016,,
N,AMD Radeon RX 460 4GB (Polaris 11),#000594,AMD,2016,2016,,
N,AMD Radeon RX 460 2GB (Polaris 11),#000595,AMD,2016,2016,,
N,NVIDIA Titan Xp (GP102),#000596,NVIDIA,2017,2017,,
N,NVIDIA GeForce 1080Ti (GP102),#000597,NVIDIA,2017,2017,,
N,AMD Radeon RX Vega 64 Liquid (Vega 10),#000598,AMD,2017,2017,,
N,NVIDIA GeForce GTX 1080 (11 Gbps) (GP104),#000599,NVIDIA,2017,2017,,
N,AMD Radeon RX Vega 64 (Vega 10),#000600,AMD,2017,2017,,
N,NVIDIA GeForce GTX 1070 Ti (GP104),#000601,NVIDIA,2017,2017,,
N,AMD Radeon RX Vega 56 (Vega 10),#000602,AMD,2017,2017,,
N,NVIDIA GeForce GTX 1060 (9 Gbps) (GP106),#000603,NVIDIA,2017,2017,,
N,AMD Radeon RX 580 (Polaris 20),#000604,AMD,2017,2017,,
N,NVIDIA GeForce GTX 1060 5GB (GP106),#000605,NVIDIA,2017,2017,,
N,AMD Radeon RX 570 (Polaris 20),#000606,AMD,2017,2017,,
N,AMD Radeon RX 560 (Polaris 21),#000607,AMD,2017,2017,,
N,AMD Radeon RX 560D (Polaris 21),#000608,AMD,2017,2017,,
N,AMD Radeon RX 550 (Polaris 12),#000609,AMD,2017,2017,,
N,NVIDIA GeForce GT 1030 (GP108),#000610,NVIDIA,2017,2017,,
N,NVIDIA GeForce RTX 2080 Ti (TU102),#000611,NVIDIA,2018,2018,,
N,NVIDIA GeForce RTX 2080 (TU104),#000612,NVIDIA,2018,2018,,
N,NVIDIA GeForce RTX 2070 (TU106),#000613,NVIDIA,2018,2018,,
N,AMD Radeon RX 590 (Polaris 30),#000614,AMD,2018,2018,,
N,NVIDIA GeForce GTX 1060 DDR5X (GP104),#000615,NVIDIA,2018,2018,,
N,AMD Radeon RX 580 2048SP (Polaris 20),#000616,AMD,2018,2018,,
N,NVIDIA GeForce GTX 1050 3GB (GP107),#000617,NVIDIA,2018,2018,,
N,NVIDIA GeForce GT 1030 D4 (GP108),#000618,NVIDIA,2018,2018,,
